Trade #,Type,Date and time,Signal,Price USDT,Size (qty),Size (value),Net P&L USDT,Net P&L %,Favorable excursion USDT,Favorable excursion %,Adverse excursion USDT,Adverse excursion %,Cumulative P&L USDT,Cumulative P&L %
1,Exit long,2025-01-02 16:33,CH_IN,3459.56,2.8686,9999.910914,-81.79,-0.82,30.79,0.31,-90.35,-0.90,-81.79,-0.82
1,Entry long,2025-01-02 15:30,IMP_L,3485.99,2.8686,9999.910914,-81.79,-0.82,30.79,0.31,-90.35,-0.90,-81.79,-0.82
2,Exit long,2025-01-06 01:33,SL,3628.85,2.722,9917.98808,-46.2,-0.47,2.82,0.03,-43.23,-0.44,-127.99,-1.28
2,Entry long,2025-01-06 01:24,IMP_L,3643.64,2.722,9917.98808,-46.2,-0.47,2.82,0.03,-43.23,-0.44,-127.99,-1.28
3,Exit long,2025-01-06 03:03,TP1,3669.31,0.2706,986.964792,5.36,0.54,6.74,0.68,-1.99,-0.20,-125.3,-1.25
3,Entry long,2025-01-06 02:51,IMP_L,3647.32,0.2706,986.964792,5.36,0.54,6.74,0.68,-1.99,-0.20,-125.3,-1.25
4,Exit long,2025-01-06 06:30,TP2,3689.8,2.436,8884.87152,98.12,1.10,106.66,1.20,-17.91,-0.20,-24.52,-0.25
4,Entry long,2025-01-06 02:51,IMP_L,3647.32,2.436,8884.87152,98.12,1.10,106.66,1.20,-17.91,-0.20,-24.52,-0.25
5,Exit short,2025-01-07 16:06,TP1,3542.77,0.2788,997.264812,8.95,0.90,21.05,2.11,-0.84,-0.08,-18.26,-0.18
5,Entry short,2025-01-07 16:00,DLY_S,3576.99,0.2788,997.264812,8.95,0.90,21.05,2.11,-0.84,-0.08,-18.26,-0.18
6,Exit short,2025-01-07 16:39,TP2,3474.64,2.5099,8977.887201,251.58,2.80,376.85,4.20,-7.56,-0.08,236.01,2.36
6,Entry short,2025-01-07 16:00,DLY_S,3576.99,2.5099,8977.887201,251.58,2.80,376.85,4.20,-7.56,-0.08,236.01,2.36
7,Exit short,2025-01-16 14:27,TP1,3311.09,0.3071,1023.303265,5.86,0.57,9.57,0.93,-2.36,-0.23,239.1,2.39
7,Entry short,2025-01-16 14:09,IMP_S,3332.15,0.3071,1023.303265,5.86,0.57,9.57,0.93,-2.36,-0.23,239.1,2.39
8,Exit short,2025-01-16 15:42,TP2,3289.05,2.7647,9212.395105,113.67,1.23,141.42,1.53,-28.72,-0.31,355.53,3.56
8,Entry short,2025-01-16 14:09,IMP_S,3332.15,2.7647,9212.395105,113.67,1.23,141.42,1.53,-28.72,-0.31,355.53,3.56
9,Exit long,2025-01-20 18:03,SL,3300.42,3.0769,10355.33772,-206.43,-1.99,76.52,0.74,-235.41,-2.27,149.1,1.49
9,Entry long,2025-01-20 17:36,IMP_L,3365.51,3.0769,10355.33772,-206.43,-1.99,76.52,0.74,-235.41,-2.27,149.1,1.49
10,Exit long,2025-01-21 18:18,SL,3320.31,3.0589,10149.06313,1.34,0.01,92.82,0.91,-50.61,-0.50,150.44,1.50
10,Entry long,2025-01-21 17:06,IMP_L,3317.88,3.0589,10149.06313,1.34,0.01,92.82,0.91,-50.61,-0.50,150.44,1.50
11,Exit long,2025-01-24 16:15,SL,3390.96,2.9741,10150.42485,-71.44,-0.70,23.9,0.24,-97.8,-0.96,79,0.79
11,Entry long,2025-01-24 15:39,IMP_L,3412.94,2.9741,10150.42485,-71.44,-0.70,23.9,0.24,-97.8,-0.96,79,0.79
12,Exit short,2025-01-27 03:00,TP1,3166.25,0.3111,1007.724453,22.11,2.19,24.03,2.38,-4.65,-0.46,98.39,0.98
12,Entry short,2025-01-27 00:30,DLY_S,3239.23,0.3111,1007.724453,22.11,2.19,24.03,2.38,-4.65,-0.46,98.39,0.98
13,Exit short,2025-01-27 07:18,TP2,3108.97,2.8004,9071.139692,359.45,3.96,384.07,4.23,-41.81,-0.46,460.56,4.61
13,Entry short,2025-01-27 00:30,DLY_S,3239.23,2.8004,9071.139692,359.45,3.96,384.07,4.23,-41.81,-0.46,460.56,4.61
14,Exit long,2025-01-28 16:09,SL,3177.4,3.2791,10460.329,-47.58,-0.45,2.17,0.02,-70,-0.67,412.97,4.13
14,Entry long,2025-01-28 16:03,IMP_L,3190,3.2791,10460.329,-47.58,-0.45,2.17,0.02,-70,-0.67,412.97,4.13
15,Exit short,2025-01-29 20:39,SL,3146.45,3.3864,10412.8075,-248.65,-2.39,32.74,0.31,-270.75,-2.60,164.32,1.64
15,Entry short,2025-01-29 20:33,DLY_S,3074.89,3.3864,10412.8075,-248.65,-2.39,32.74,0.31,-270.75,-2.60,164.32,1.64
16,Exit short,2025-02-08 10:21,CH_IN,2615.53,3.8843,10164.08665,-1.51,-0.01,44.18,0.43,-15.79,-0.16,162.81,1.63
16,Entry short,2025-02-08 09:18,IMP_S,2616.71,3.8843,10164.08665,-1.51,-0.01,44.18,0.43,-15.79,-0.16,162.81,1.63
17,Exit long,2025-02-10 16:21,SL,2651.19,3.8219,10162.69963,-36.21,-0.36,0.16,0.00,-64.47,-0.63,126.6,1.27
17,Entry long,2025-02-10 16:09,IMP_L,2659.07,3.8219,10162.69963,-36.21,-0.36,0.16,0.00,-64.47,-0.63,126.6,1.27
18,Exit short,2025-02-18 16:45,TP1,2665.34,0.3773,1012.552464,6.31,0.62,7.45,0.74,-5.62,-0.55,130.18,1.30
18,Entry short,2025-02-18 15:39,IMP_S,2683.68,0.3773,1012.552464,6.31,0.62,7.45,0.74,-5.62,-0.55,130.18,1.30
19,Exit short,2025-02-18 17:12,SL,2671.02,3.3961,9114.045648,37.54,0.41,88.42,0.97,-50.55,-0.55,170.46,1.70
19,Entry short,2025-02-18 15:39,IMP_S,2683.68,3.3961,9114.045648,37.54,0.41,88.42,0.97,-50.55,-0.55,170.46,1.70
20,Exit long,2025-02-20 14:39,SL,2735.99,3.7097,10170.21674,-26.61,-0.26,0,0.00,-32.95,-0.32,143.85,1.44
20,Entry long,2025-02-20 14:33,IMP_L,2741.52,3.7097,10170.21674,-26.61,-0.26,0,0.00,-32.95,-0.32,143.85,1.44
21,Exit long,2025-02-26 11:45,SL,2488,4.076,10143.61512,-8.61,-0.08,17.5,0.17,-50.37,-0.50,135.23,1.35
21,Entry long,2025-02-26 10:39,IMP_L,2488.62,4.076,10143.61512,-8.61,-0.08,17.5,0.17,-50.37,-0.50,135.23,1.35
22,Exit long,2025-03-07 15:45,TP1,2248.47,0.4586,1013.386764,17.15,1.69,17.61,1.74,-0.83,-0.08,149.65,1.50
22,Entry long,2025-03-07 15:42,IMP_L,2209.74,0.4586,1013.386764,17.15,1.69,17.61,1.74,-0.83,-0.08,149.65,1.50
23,Exit long,2025-03-07 16:33,SL,2186.81,4.128,9121.80672,-100.1,-1.10,202.01,2.21,-117.62,-1.29,52.28,0.52
23,Entry long,2025-03-07 15:42,IMP_L,2209.74,4.128,9121.80672,-100.1,-1.10,202.01,2.21,-117.62,-1.29,52.28,0.52
24,Exit short,2025-03-12 11:24,CH_IN,1892.8,5.3285,10052.10868,-39.72,-0.39,52.67,0.52,-81.77,-0.81,12.57,0.13
24,Entry short,2025-03-12 10:21,IMP_S,1886.48,5.3285,10052.10868,-39.72,-0.39,52.67,0.52,-81.77,-0.81,12.57,0.13
25,Exit long,2025-03-17 15:54,SL,1898.97,5.241,10012.51122,-66,-0.66,2.55,0.03,-68.1,-0.68,-53.43,-0.53
25,Entry long,2025-03-17 15:45,IMP_L,1910.42,5.241,10012.51122,-66,-0.66,2.55,0.03,-68.1,-0.68,-53.43,-0.53
26,Exit long,2025-03-19 13:45,SL,1999.43,4.9109,9946.438642,-133.37,-1.34,33.11,0.33,-156.79,-1.58,-186.8,-1.87
26,Entry long,2025-03-19 12:39,DLY_L,2025.38,4.9109,9946.438642,-133.37,-1.34,33.11,0.33,-156.79,-1.58,-186.8,-1.87
27,Exit short,2025-03-24 02:54,TP1,1978.8,0.4929,981.132237,5.19,0.53,5.49,0.56,-1.3,-0.13,-184.26,-1.84
27,Entry short,2025-03-24 02:00,IMP_S,1990.53,0.4929,981.132237,5.19,0.53,5.49,0.56,-1.3,-0.13,-184.26,-1.84
28,Exit short,2025-03-24 04:06,SL,1997.99,4.437,8831.98161,-38.41,-0.43,59.78,0.68,-68.23,-0.77,-220.01,-2.20
28,Entry short,2025-03-24 02:00,IMP_S,1990.53,4.437,8831.98161,-38.41,-0.43,59.78,0.68,-68.23,-0.77,-220.01,-2.20
29,Exit short,2025-04-02 16:30,SL,1872.23,5.2538,9779.843624,-62.36,-0.64,4.79,0.05,-73.97,-0.76,-282.38,-2.82
29,Entry short,2025-04-02 16:09,IMP_S,1861.48,5.2538,9779.843624,-62.36,-0.64,4.79,0.05,-73.97,-0.76,-282.38,-2.82
30,Exit long,2025-04-08 16:21,SL,1565.38,6.1507,9717.49093,-95.11,-0.98,1.02,0.01,-99.73,-1.03,-377.49,-3.77
30,Entry long,2025-04-08 16:03,IMP_L,1579.9,6.1507,9717.49093,-95.11,-0.98,1.02,0.01,-99.73,-1.03,-377.49,-3.77
31,Exit short,2025-04-10 15:30,TP1,1580.82,0.6078,962.171712,0.77,0.08,16.75,1.74,-7.97,-0.83,-379.32,-3.79
31,Entry short,2025-04-10 14:48,IMP_S,1583.04,0.6078,962.171712,0.77,0.08,16.75,1.74,-7.97,-0.83,-379.32,-3.79
32,Exit short,2025-04-10 17:12,TP2,1543.19,5.4707,8660.336928,212.88,2.46,220.11,2.54,-71.69,-0.83,-163.84,-1.64
32,Entry short,2025-04-10 14:48,IMP_S,1583.04,5.4707,8660.336928,212.88,2.46,220.11,2.54,-71.69,-0.83,-163.84,-1.64
33,Exit long,2025-04-11 11:33,TP1,1564.85,0.6327,983.525823,5.96,0.61,7.75,0.79,-1,-0.10,-160.53,-1.61
33,Entry long,2025-04-11 11:21,IMP_L,1554.49,0.6327,983.525823,5.96,0.61,7.75,0.79,-1,-0.10,-160.53,-1.61
34,Exit long,2025-04-11 12:33,TP2,1580.74,5.6948,8852.509652,144.13,1.63,172.12,1.94,-11.94,-0.13,-13.75,-0.14
34,Entry long,2025-04-11 11:21,IMP_L,1554.49,5.6948,8852.509652,144.13,1.63,172.12,1.94,-11.94,-0.13,-13.75,-0.14
35,Exit short,2025-04-13 22:48,SL,1596.46,6.3199,9986.137189,-109.35,-1.09,41.18,0.41,-231.65,-2.32,-123.1,-1.23
35,Entry short,2025-04-13 21:42,DLY_S,1580.11,6.3199,9986.137189,-109.35,-1.09,41.18,0.41,-231.65,-2.32,-123.1,-1.23
36,Exit short,2025-04-16 21:06,SL,1562.75,6.3697,9876.793123,-83.4,-0.84,25.32,0.26,-188.32,-1.91,-206.5,-2.07
36,Entry short,2025-04-16 20:00,DLY_S,1550.59,6.3697,9876.793123,-83.4,-0.84,25.32,0.26,-188.32,-1.91,-206.5,-2.07
37,Exit short,2025-04-21 00:18,TP1,1576.96,0.6191,979.286189,2.4,0.25,2.96,0.30,-0.86,-0.09,-206.74,-2.07
37,Entry short,2025-04-21 00:06,IMP_S,1581.79,0.6191,979.286189,2.4,0.25,2.96,0.30,-0.86,-0.09,-206.74,-2.07
38,Exit short,2025-04-21 01:18,SL,1584.83,5.5723,8814.208417,-22.23,-0.25,44.33,0.50,-33.35,-0.38,-226.33,-2.26
38,Entry short,2025-04-21 00:06,IMP_S,1581.79,5.5723,8814.208417,-22.23,-0.25,44.33,0.50,-33.35,-0.38,-226.33,-2.26
39,Exit long,2025-04-21 09:09,SL,1642.31,6.0028,9773.518848,79.05,0.81,176.19,1.80,-31.15,-0.32,-147.28,-1.47
39,Entry long,2025-04-21 03:48,DLY_L,1628.16,6.0028,9773.518848,79.05,0.81,176.19,1.80,-31.15,-0.32,-147.28,-1.47
40,Exit long,2025-04-21 16:30,TP1,1633.19,0.6042,985.17831,1,0.10,6.25,0.63,-1.27,-0.13,-148.94,-1.49
40,Entry long,2025-04-21 16:21,IMP_L,1630.55,0.6042,985.17831,1,0.10,6.25,0.63,-1.27,-0.13,-148.94,-1.49
41,Exit long,2025-04-21 16:48,SL,1622.5,5.4383,8867.420065,-49.09,-0.55,56.29,0.63,-58.95,-0.66,-195.37,-1.95
41,Entry long,2025-04-21 16:21,IMP_L,1630.55,5.4383,8867.420065,-49.09,-0.55,56.29,0.63,-58.95,-0.66,-195.37,-1.95
42,Exit short,2025-04-22 05:30,CH_IN,1575.71,6.2374,9804.506686,-29.72,-0.30,35.67,0.36,-53.53,-0.55,-225.08,-2.25
42,Entry short,2025-04-22 04:27,IMP_S,1571.89,6.2374,9804.506686,-29.72,-0.30,35.67,0.36,-53.53,-0.55,-225.08,-2.25
43,Exit long,2025-04-22 18:15,SL,1692.94,5.7668,9774.783668,-17.8,-0.18,175.38,1.79,-50.74,-0.52,-242.88,-2.43
43,Entry long,2025-04-22 17:00,DLY_L,1695.01,5.7668,9774.783668,-17.8,-0.18,175.38,1.79,-50.74,-0.52,-242.88,-2.43
44,Exit long,2025-04-25 16:30,SL,1774.75,5.4569,9756.991769,-78.19,-0.80,5.09,0.05,-99.51,-1.02,-321.07,-3.21
44,Entry long,2025-04-25 16:12,IMP_L,1788.01,5.4569,9756.991769,-78.19,-0.80,5.09,0.05,-99.51,-1.02,-321.07,-3.21
45,Exit long,2025-04-26 13:00,SL,1801.63,5.3487,9678.847059,-48.26,-0.50,0,0.00,-63.72,-0.66,-369.34,-3.69
45,Entry long,2025-04-26 12:03,IMP_L,1809.57,5.3487,9678.847059,-48.26,-0.50,0,0.00,-63.72,-0.66,-369.34,-3.69
46,Exit short,2025-04-28 01:18,SL,1792.06,5.3729,9630.600876,-3.74,-0.04,47.29,0.49,-22.88,-0.24,-373.07,-3.73
46,Entry short,2025-04-28 00:03,IMP_S,1792.44,5.3729,9630.600876,-3.74,-0.04,47.29,0.49,-22.88,-0.24,-373.07,-3.73
47,Exit long,2025-05-08 18:48,SL,2052.42,4.6789,9626.743172,-29.44,-0.31,43.2,0.45,-126.79,-1.32,-402.52,-4.03
47,Entry long,2025-05-08 17:42,DLY_L,2057.48,4.6789,9626.743172,-29.44,-0.31,43.2,0.45,-126.79,-1.32,-402.52,-4.03
48,Exit long,2025-05-09 11:45,CH_IN,2342.63,4.0347,9597.381237,-151.29,-1.58,195.87,2.04,-354.91,-3.70,-553.8,-5.54
48,Entry long,2025-05-09 10:42,DLY_L,2378.71,4.0347,9597.381237,-151.29,-1.58,195.87,2.04,-354.91,-3.70,-553.8,-5.54
49,Exit long,2025-05-10 03:51,SL,2338.72,4.0248,9446.00436,-38.78,-0.41,24.41,0.26,-64.25,-0.68,-592.58,-5.93
49,Entry long,2025-05-10 03:21,IMP_L,2346.95,4.0248,9446.00436,-38.78,-0.41,24.41,0.26,-64.25,-0.68,-592.58,-5.93
50,Exit long,2025-05-16 13:09,TP1,2629,0.3612,940.590084,8.44,0.90,9.81,1.04,-4.19,-0.45,-586.69,-5.87
50,Entry long,2025-05-16 11:06,IMP_L,2604.07,0.3612,940.590084,8.44,0.90,9.81,1.04,-4.19,-0.45,-586.69,-5.87
51,Exit long,2025-05-16 14:15,SL,2609.21,3.2513,8466.612791,11.63,0.14,142.5,1.68,-37.72,-0.45,-572.52,-5.73
51,Entry long,2025-05-16 11:06,IMP_L,2604.07,3.2513,8466.612791,11.63,0.14,142.5,1.68,-37.72,-0.45,-572.52,-5.73
52,Exit long,2025-05-22 17:09,CH_IN,2660.75,3.5428,9427.3908,-6.54,-0.07,48.29,0.51,-55.97,-0.59,-579.06,-5.79
52,Entry long,2025-05-22 16:06,IMP_L,2661,3.5428,9427.3908,-6.54,-0.07,48.29,0.51,-55.97,-0.59,-579.06,-5.79
53,Exit short,2025-05-30 10:48,CH_IN,2619.9,3.5956,9420.83156,-4.93,-0.05,46.86,0.50,-34.5,-0.37,-583.99,-5.84
53,Entry short,2025-05-30 09:45,IMP_S,2620.1,3.5956,9420.83156,-4.93,-0.05,46.86,0.50,-34.5,-0.37,-583.99,-5.84
54,Exit short,2025-05-31 12:45,TP1,2516.64,0.3741,941.471283,-0.57,-0.06,3.59,0.38,-1.26,-0.13,-587.11,-5.87
54,Entry short,2025-05-31 12:33,IMP_S,2516.63,0.3741,941.471283,-0.57,-0.06,3.59,0.38,-1.26,-0.13,-587.11,-5.87
55,Exit short,2025-05-31 14:09,SL,2523.96,3.3674,8474.499862,-29.78,-0.35,32.34,0.38,-34.09,-0.40,-614.34,-6.14
55,Entry short,2025-05-31 12:33,IMP_S,2516.63,3.3674,8474.499862,-29.78,-0.35,32.34,0.38,-34.09,-0.40,-614.34,-6.14
56,Exit long,2025-06-04 17:15,TP1,2655.94,0.3563,938.333865,7.41,0.79,8.88,0.95,-0.66,-0.07,-609.46,-6.09
56,Entry long,2025-06-04 16:54,IMP_L,2633.55,0.3563,938.333865,7.41,0.79,8.88,0.95,-0.66,-0.07,-609.46,-6.09
57,Exit long,2025-06-04 17:42,TP2,2668.47,3.2075,8447.111625,106.9,1.27,126.6,1.50,-5.9,-0.07,-500.02,-5.00
57,Entry long,2025-06-04 16:54,IMP_L,2633.55,3.2075,8447.111625,106.9,1.27,126.6,1.50,-5.9,-0.07,-500.02,-5.00
58,Exit short,2025-06-05 15:54,TP1,2584.05,0.3653,949.958997,5.44,0.57,7.93,0.83,-0.43,-0.04,-497.15,-4.97
58,Entry short,2025-06-05 15:45,IMP_S,2600.49,0.3653,949.958997,5.44,0.57,7.93,0.83,-0.43,-0.04,-497.15,-4.97
59,Exit short,2025-06-05 16:18,TP2,2568,3.2878,8549.891022,101.72,1.19,130.53,1.53,-3.85,-0.04,-392.86,-3.93
59,Entry short,2025-06-05 15:45,IMP_S,2600.49,3.2878,8549.891022,101.72,1.19,130.53,1.53,-3.85,-0.04,-392.86,-3.93
60,Exit short,2025-06-13 04:42,TP1,2450.83,0.3779,960.553778,33.82,3.52,40.53,4.22,-1.02,-0.11,-361.64,-3.62
60,Entry short,2025-06-13 02:45,DLY_S,2541.82,0.3779,960.553778,33.82,3.52,40.53,4.22,-1.02,-0.11,-361.64,-3.62
61,Exit short,2025-06-13 09:27,SL,2533.14,3.4017,8646.509094,24.35,0.28,364.86,4.22,-9.16,-0.11,-334.7,-3.35
61,Entry short,2025-06-13 02:45,DLY_S,2541.82,3.4017,8646.509094,24.35,0.28,364.86,4.22,-9.16,-0.11,-334.7,-3.35
62,Exit short,2025-06-13 16:21,TP1,2508.59,0.3822,966.385056,7.02,0.73,8.31,0.86,-1.63,-0.17,-330.28,-3.30
62,Entry short,2025-06-13 16:06,IMP_S,2528.48,0.3822,966.385056,7.02,0.73,8.31,0.86,-1.63,-0.17,-330.28,-3.30
63,Exit short,2025-06-13 17:06,SL,2545.65,3.4403,8698.729744,-64.31,-0.74,86.25,0.99,-64.81,-0.74,-391.98,-3.92
63,Entry short,2025-06-13 16:06,IMP_S,2528.48,3.4403,8698.729744,-64.31,-0.74,86.25,0.99,-64.81,-0.74,-391.98,-3.92
64,Exit short,2025-06-14 17:03,SL,2529.69,3.7981,9607.825684,-5.95,-0.06,24.88,0.26,-27.04,-0.28,-397.93,-3.98
64,Entry short,2025-06-14 15:42,IMP_S,2529.64,3.7981,9607.825684,-5.95,-0.06,24.88,0.26,-27.04,-0.28,-397.93,-3.98
65,Exit short,2025-06-17 02:57,CH_IN,2586.59,3.7706,9602.059136,-156.74,-1.63,82.18,0.86,-158.49,-1.65,-554.68,-5.55
65,Entry short,2025-06-17 01:54,DLY_S,2546.56,3.7706,9602.059136,-156.74,-1.63,82.18,0.86,-158.49,-1.65,-554.68,-5.55
66,Exit short,2025-06-17 16:54,TP1,2542.8,0.3703,944.313139,2.15,0.23,3.73,0.39,-2.63,-0.28,-555.08,-5.55
66,Entry short,2025-06-17 16:39,IMP_S,2550.13,0.3703,944.313139,2.15,0.23,3.73,0.39,-2.63,-0.28,-555.08,-5.55
67,Exit short,2025-06-17 16:57,TP2,2531.85,3.3335,8500.858355,55.85,0.66,87.45,1.03,-23.68,-0.28,-496.67,-4.97
67,Entry short,2025-06-17 16:39,IMP_S,2550.13,3.3335,8500.858355,55.85,0.66,87.45,1.03,-23.68,-0.28,-496.67,-4.97
68,Exit short,2025-06-18 17:36,SL,2514.56,3.8058,9503.196774,-72.44,-0.76,27.98,0.29,-78.02,-0.82,-569.11,-5.69
68,Entry short,2025-06-18 16:51,IMP_S,2497.03,3.8058,9503.196774,-72.44,-0.76,27.98,0.29,-78.02,-0.82,-569.11,-5.69
69,Exit long,2025-06-24 11:24,TP1,2422.01,0.3911,942.867791,3.81,0.40,5.07,0.54,-0.29,-0.03,-567.84,-5.68
69,Entry long,2025-06-24 11:21,IMP_L,2410.81,0.3911,942.867791,3.81,0.40,5.07,0.54,-0.29,-0.03,-567.84,-5.68
70,Exit long,2025-06-24 11:27,TP2,2430.01,3.5208,8487.979848,62.49,0.74,135.43,1.60,-2.58,-0.03,-502.81,-5.03
70,Entry long,2025-06-24 11:21,IMP_L,2410.81,3.5208,8487.979848,62.49,0.74,135.43,1.60,-2.58,-0.03,-502.81,-5.03
71,Exit short,2025-06-25 16:45,SL,2438.99,3.9458,9497.027646,-132.48,-1.39,70.7,0.74,-147.86,-1.56,-635.29,-6.35
71,Entry short,2025-06-25 16:15,IMP_S,2406.87,3.9458,9497.027646,-132.48,-1.39,70.7,0.74,-147.86,-1.56,-635.29,-6.35
72,Exit long,2025-06-27 10:45,TP1,2456.51,0.3826,936.43263,2.87,0.31,5.78,0.62,-0.64,-0.07,-634.95,-6.35
72,Entry long,2025-06-27 10:36,IMP_L,2447.55,0.3826,936.43263,2.87,0.31,5.78,0.62,-0.64,-0.07,-634.95,-6.35
73,Exit long,2025-06-27 14:30,SL,2439.09,3.4435,8428.138425,-34.18,-0.41,51.98,0.62,-45.74,-0.54,-666.6,-6.67
73,Entry long,2025-06-27 10:36,IMP_L,2447.55,3.4435,8428.138425,-34.18,-0.41,51.98,0.62,-45.74,-0.54,-666.6,-6.67
74,Exit short,2025-06-30 16:06,TP1,2452.34,0.3795,933.262605,2.04,0.22,3.97,0.42,-2.26,-0.24,-667.08,-6.67
74,Entry short,2025-06-30 15:48,IMP_S,2459.19,0.3795,933.262605,2.04,0.22,3.97,0.42,-2.26,-0.24,-667.08,-6.67
75,Exit short,2025-06-30 16:15,SL,2463.74,3.4158,8400.101202,-20.59,-0.25,35.7,0.42,-35.18,-0.42,-685.15,-6.85
75,Entry short,2025-06-30 15:48,IMP_S,2459.19,3.4158,8400.101202,-20.59,-0.25,35.7,0.42,-35.18,-0.42,-685.15,-6.85
76,Exit long,2025-07-02 15:45,TP1,2456.3,0.3805,931.467805,2.59,0.28,3.18,0.34,-2.7,-0.29,-685.07,-6.85
76,Entry long,2025-07-02 15:12,IMP_L,2448.01,0.3805,931.467805,2.59,0.28,3.18,0.34,-2.7,-0.29,-685.07,-6.85
77,Exit long,2025-07-02 16:24,TP2,2469.44,3.4245,8383.210245,68.34,0.81,72.79,0.87,-24.26,-0.29,-614.22,-6.14
77,Entry long,2025-07-02 15:12,IMP_L,2448.01,3.4245,8383.210245,68.34,0.81,72.79,0.87,-24.26,-0.29,-614.22,-6.14
78,Exit long,2025-07-03 01:00,SL,2590.68,3.6879,9385.779258,162.71,1.73,267.06,2.84,-56.84,-0.61,-451.51,-4.52
78,Entry long,2025-07-02 18:15,DLY_L,2545.02,3.6879,9385.779258,162.71,1.73,267.06,2.84,-56.84,-0.61,-451.51,-4.52
79,Exit long,2025-07-05 12:51,CH_IN,2519.15,3.789,9548.43156,-9.1,-0.10,4.64,0.05,-15.6,-0.16,-460.61,-4.61
79,Entry long,2025-07-05 11:48,IMP_L,2520.04,3.789,9548.43156,-9.1,-0.10,4.64,0.05,-15.6,-0.16,-460.61,-4.61
80,Exit long,2025-07-07 00:45,SL,2585.89,3.6715,9539.14444,-50.76,-0.53,21.33,0.22,-62.19,-0.65,-511.37,-5.11
80,Entry long,2025-07-06 23:39,DLY_L,2598.16,3.6715,9539.14444,-50.76,-0.53,21.33,0.22,-62.19,-0.65,-511.37,-5.11
81,Exit long,2025-07-10 23:48,TP1,2964.48,0.3265,948.61963,18.71,1.97,34,3.58,-4.2,-0.44,-495.22,-4.95
81,Entry long,2025-07-10 23:30,DLY_L,2905.42,0.3265,948.61963,18.71,1.97,34,3.58,-4.2,-0.44,-495.22,-4.95
82,Exit long,2025-07-11 17:33,TIME,2986.35,2.9393,8539.901006,232.68,2.72,395.8,4.63,-37.83,-0.44,-259.98,-2.60
82,Entry long,2025-07-10 23:30,DLY_L,2905.42,2.9393,8539.901006,232.68,2.72,395.8,4.63,-37.83,-0.44,-259.98,-2.60
83,Exit long,2025-07-15 18:06,TP1,3049.04,0.322,973.90832,7.3,0.75,9.97,1.02,-0.29,-0.03,-255.31,-2.55
83,Entry long,2025-07-15 17:42,IMP_L,3024.56,0.322,973.90832,7.3,0.75,9.97,1.02,-0.29,-0.03,-255.31,-2.55
84,Exit long,2025-07-15 19:42,TP2,3087.57,2.8983,8766.082248,177.31,2.02,183.79,2.10,-2.63,-0.03,-75.38,-0.75
84,Entry long,2025-07-15 17:42,IMP_L,3024.56,2.8983,8766.082248,177.31,2.02,183.79,2.10,-2.63,-0.03,-75.38,-0.75
85,Exit short,2025-07-19 17:15,SL,3552.08,2.8,9924.572,-27.21,-0.27,49.58,0.50,-28.96,-0.29,-102.59,-1.03
85,Entry short,2025-07-19 16:09,IMP_S,3544.49,2.8,9924.572,-27.21,-0.27,49.58,0.50,-28.96,-0.29,-102.59,-1.03
86,Exit long,2025-07-30 11:12,SL,3803.25,2.5901,9897.264219,-52.39,-0.53,4.98,0.05,-49.9,-0.50,-154.98,-1.55
86,Entry long,2025-07-30 10:42,IMP_L,3821.19,2.5901,9897.264219,-52.39,-0.53,4.98,0.05,-49.9,-0.50,-154.98,-1.55
87,Exit long,2025-08-06 16:15,SL,3602.51,2.7221,9845.01907,-44.52,-0.45,16.43,0.17,-58.48,-0.59,-199.5,-2.00
87,Entry long,2025-08-06 16:03,IMP_L,3616.7,2.7221,9845.01907,-44.52,-0.45,16.43,0.17,-58.48,-0.59,-199.5,-2.00
88,Exit long,2025-08-08 15:45,TP1,3984,0.2499,980.035329,14.97,1.53,15.65,1.60,-1.74,-0.18,-187.18,-1.87
88,Entry long,2025-08-08 15:33,IMP_L,3921.71,0.2499,980.035329,14.97,1.53,15.65,1.60,-1.74,-0.18,-187.18,-1.87
89,Exit long,2025-08-08 15:48,TP2,3981.43,2.2491,8820.317961,128.98,1.46,148.9,1.69,-15.65,-0.18,-55.55,-0.56
89,Entry long,2025-08-08 15:33,IMP_L,3921.71,2.2491,8820.317961,128.98,1.46,148.9,1.69,-15.65,-0.18,-55.55,-0.56
90,Exit short,2025-08-16 16:42,CH_IN,4401.41,2.2609,9944.11647,-13,-0.13,33.64,0.34,-36.22,-0.36,-68.55,-0.69
90,Entry short,2025-08-16 15:39,IMP_S,4398.3,2.2609,9944.11647,-13,-0.13,33.64,0.34,-36.22,-0.36,-68.55,-0.69
91,Exit short,2025-08-18 16:18,SL,4313.81,2.3176,9931.37952,-72.29,-0.73,28.86,0.29,-81.31,-0.82,-140.83,-1.41
91,Entry short,2025-08-18 15:57,IMP_S,4285.2,2.3176,9931.37952,-72.29,-0.73,28.86,0.29,-81.31,-0.82,-140.83,-1.41
92,Exit long,2025-08-20 17:06,TP1,4267.22,0.2343,985.538433,13.68,1.39,16.27,1.65,-3.41,-0.35,-129.82,-1.30
92,Entry long,2025-08-20 16:36,IMP_L,4206.31,0.2343,985.538433,13.68,1.39,16.27,1.65,-3.41,-0.35,-129.82,-1.30
93,Exit long,2025-08-20 17:18,TP2,4293.3,2.1095,8873.210945,178.13,2.01,183.97,2.07,-30.74,-0.35,50.97,0.51
93,Entry long,2025-08-20 16:36,IMP_L,4206.31,2.1095,8873.210945,178.13,2.01,183.97,2.07,-30.74,-0.35,50.97,0.51
94,Exit short,2025-08-21 17:42,CH_IN,4259.31,2.3622,10050.68856,-16.69,-0.17,68.56,0.68,-74.35,-0.74,34.28,0.34
94,Entry short,2025-08-21 16:39,IMP_S,4254.8,2.3622,10050.68856,-16.69,-0.17,68.56,0.68,-74.35,-0.74,34.28,0.34
95,Exit long,2025-08-23 16:18,TP1,4740.67,0.2121,1002.980601,1.91,0.19,3.3,0.33,-3.63,-0.36,33.49,0.33
95,Entry long,2025-08-23 15:48,IMP_L,4728.81,0.2121,1002.980601,1.91,0.19,3.3,0.33,-3.63,-0.36,33.49,0.33
96,Exit long,2025-08-23 17:54,TP2,4755.73,1.9098,9031.081338,45.98,0.51,74.05,0.82,-32.67,-0.36,82.17,0.82
96,Entry long,2025-08-23 15:48,IMP_L,4728.81,1.9098,9031.081338,45.98,0.51,74.05,0.82,-32.67,-0.36,82.17,0.82
97,Exit long,2025-08-24 04:42,SL,4782.93,2.1079,10082.10678,-6.22,-0.06,21.28,0.21,-34.26,-0.34,75.96,0.76
97,Entry long,2025-08-24 03:36,IMP_L,4783.01,2.1079,10082.10678,-6.22,-0.06,21.28,0.21,-34.26,-0.34,75.96,0.76
98,Exit short,2025-08-29 16:03,TP1,4287.56,0.2317,1007.554401,13.53,1.34,14.25,1.41,-2.26,-0.22,86.76,0.87
98,Entry short,2025-08-29 15:39,IMP_S,4348.53,0.2317,1007.554401,13.53,1.34,14.25,1.41,-2.26,-0.22,86.76,0.87
99,Exit short,2025-08-29 16:06,TP2,4290.41,2.0853,9067.989609,115.79,1.28,172.95,1.91,-20.38,-0.22,205.28,2.05
99,Entry short,2025-08-29 15:39,IMP_S,4348.53,2.0853,9067.989609,115.79,1.28,172.95,1.91,-20.38,-0.22,205.28,2.05
100,Exit long,2025-08-31 14:39,SL,4470.16,2.282,10205.08118,-10.3,-0.10,20.83,0.20,-27.68,-0.27,194.98,1.95
100,Entry long,2025-08-31 13:27,IMP_L,4471.99,2.282,10205.08118,-10.3,-0.10,20.83,0.20,-27.68,-0.27,194.98,1.95
101,Exit short,2025-09-02 17:51,TP1,4285.23,0.2357,1019.4025,8.76,0.86,9.18,0.90,-6.6,-0.65,200.99,2.01
101,Entry short,2025-09-02 17:03,IMP_S,4325,0.2357,1019.4025,8.76,0.86,9.18,0.90,-6.6,-0.65,200.99,2.01
102,Exit short,2025-09-03 11:06,TIME,4311.22,2.1215,9175.4875,23.74,0.26,147.17,1.60,-64.28,-0.70,227.48,2.27
102,Entry short,2025-09-02 17:03,IMP_S,4325,2.1215,9175.4875,23.74,0.26,147.17,1.60,-64.28,-0.70,227.48,2.27
103,Exit long,2025-09-04 04:15,SL,4458.36,2.2855,10227.20111,-43.74,-0.43,0,0.00,-52.94,-0.52,183.74,1.84
103,Entry long,2025-09-04 03:30,IMP_L,4474.82,2.2855,10227.20111,-43.74,-0.43,0,0.00,-52.94,-0.52,183.74,1.84
104,Exit short,2025-09-06 16:42,SL,4298.22,2.3727,10183.60467,-20.9,-0.21,0,0.00,-22.06,-0.22,162.84,1.63
104,Entry short,2025-09-06 16:33,IMP_S,4291.99,2.3727,10183.60467,-20.9,-0.21,0,0.00,-22.06,-0.22,162.84,1.63
105,Exit short,2025-09-06 20:27,CH_IN,4275.11,2.3778,10162.66964,-8.79,-0.09,19.04,0.19,-33.29,-0.33,154.06,1.54
105,Entry short,2025-09-06 19:24,IMP_S,4273.98,2.3778,10162.66964,-8.79,-0.09,19.04,0.19,-33.29,-0.33,154.06,1.54
106,Exit long,2025-09-07 10:21,TP1,4311.18,0.2363,1015.284217,2.84,0.28,3.36,0.33,-1.93,-0.19,154.15,1.54
106,Entry long,2025-09-07 09:30,IMP_L,4296.59,0.2363,1015.284217,2.84,0.28,3.36,0.33,-1.93,-0.19,154.15,1.54
107,Exit long,2025-09-07 15:21,SL,4291.45,2.1269,9138.417271,-16.41,-0.18,34.27,0.37,-24.16,-0.26,140.48,1.40
107,Entry long,2025-09-07 09:30,IMP_L,4296.59,2.1269,9138.417271,-16.41,-0.18,34.27,0.37,-24.16,-0.26,140.48,1.40
108,Exit long,2025-09-09 15:54,SL,4345.51,2.3278,10140.22269,-30.82,-0.30,3.89,0.04,-50.74,-0.50,109.66,1.10
108,Entry long,2025-09-09 15:42,IMP_L,4356.14,2.3278,10140.22269,-30.82,-0.30,3.89,0.04,-50.74,-0.50,109.66,1.10
109,Exit long,2025-09-12 16:09,TP1,4555.91,0.2228,1010.674272,3.77,0.37,5.66,0.56,-1.48,-0.15,110.7,1.11
109,Entry long,2025-09-12 15:54,IMP_L,4536.24,0.2228,1010.674272,3.77,0.37,5.66,0.56,-1.48,-0.15,110.7,1.11
110,Exit long,2025-09-12 19:15,TP2,4582.37,2.0058,9098.790192,87.04,0.96,93.07,1.02,-31.29,-0.34,200.47,2.00
110,Entry long,2025-09-12 15:54,IMP_L,4536.24,2.0058,9098.790192,87.04,0.96,93.07,1.02,-31.29,-0.34,200.47,2.00
111,Exit long,2025-09-17 08:42,TP1,4536.73,0.2259,1019.753262,4.48,0.44,5.45,0.53,-3.17,-0.31,202.2,2.02
111,Entry long,2025-09-17 07:54,IMP_L,4514.18,0.2259,1019.753262,4.48,0.44,5.45,0.53,-3.17,-0.31,202.2,2.02
112,Exit long,2025-09-17 12:12,SL,4488.6,2.0337,9180.487866,-57.51,-0.63,78.41,0.85,-56,-0.61,147.44,1.47
112,Entry long,2025-09-17 07:54,IMP_L,4514.18,2.0337,9180.487866,-57.51,-0.63,78.41,0.85,-56,-0.61,147.44,1.47
113,Exit long,2025-09-18 15:36,TP1,4591.15,0.2213,1014.731316,0.68,0.07,3.74,0.37,-0.41,-0.04,145.38,1.45
113,Entry long,2025-09-18 15:30,IMP_L,4585.32,0.2213,1014.731316,0.68,0.07,3.74,0.37,-0.41,-0.04,145.38,1.45
114,Exit long,2025-09-18 15:42,SL,4571.95,1.9917,9132.581844,-32.1,-0.35,33.67,0.37,-36.04,-0.39,116.02,1.16
114,Entry long,2025-09-18 15:30,IMP_L,4585.32,1.9917,9132.581844,-32.1,-0.35,33.67,0.37,-36.04,-0.39,116.02,1.16
115,Exit short,2025-09-19 17:06,TP1,4472.6,0.2247,1011.174717,5.58,0.55,7.34,0.73,-2.13,-0.21,118.87,1.19
115,Entry short,2025-09-19 16:45,IMP_S,4500.11,0.2247,1011.174717,5.58,0.55,7.34,0.73,-2.13,-0.21,118.87,1.19
116,Exit short,2025-09-19 20:09,TP2,4441.98,2.0232,9104.622552,112.18,1.23,133.05,1.46,-19.22,-0.21,233.78,2.34
116,Entry short,2025-09-19 16:45,IMP_S,4500.11,2.0232,9104.622552,112.18,1.23,133.05,1.46,-19.22,-0.21,233.78,2.34
117,Exit short,2025-09-22 04:27,TP1,4307.53,0.2337,1023.02175,15.74,1.54,22.64,2.21,-2.46,-0.24,246.76,2.47
117,Entry short,2025-09-22 02:30,DLY_S,4377.5,0.2337,1023.02175,15.74,1.54,22.64,2.21,-2.46,-0.24,246.76,2.47
118,Exit short,2025-09-22 08:00,TP2,4085.94,2.1041,9210.69775,608.13,6.60,789.68,8.57,-22.16,-0.24,857.65,8.58
118,Entry short,2025-09-22 02:30,DLY_S,4377.5,2.1041,9210.69775,608.13,6.60,789.68,8.57,-22.16,-0.24,857.65,8.58
119,Exit long,2025-09-23 16:21,SL,4183.59,2.5834,10857.38435,-56,-0.52,0,0.00,-62.03,-0.57,801.65,8.02
119,Entry long,2025-09-23 16:09,IMP_L,4202.75,2.5834,10857.38435,-56,-0.52,0,0.00,-62.03,-0.57,801.65,8.02
120,Exit long,2025-09-24 16:48,TP1,4194.62,0.2584,1079.962128,3.28,0.30,3.61,0.33,-0.9,-0.08,802.02,8.02
120,Entry long,2025-09-24 16:42,IMP_L,4179.42,0.2584,1079.962128,3.28,0.30,3.61,0.33,-0.9,-0.08,802.02,8.02
121,Exit long,2025-09-24 16:51,TP2,4197.33,2.326,9721.33092,35.81,0.37,56.56,0.58,-8.06,-0.08,840.75,8.41
121,Entry long,2025-09-24 16:42,IMP_L,4179.42,2.326,9721.33092,35.81,0.37,56.56,0.58,-8.06,-0.08,840.75,8.41
122,Exit short,2025-09-25 06:42,SL,4037.23,2.6838,10840.53915,-1.08,-0.01,87.33,0.81,-83.63,-0.77,839.66,8.40
122,Entry short,2025-09-25 05:24,DLY_S,4039.25,2.6838,10840.53915,-1.08,-0.01,87.33,0.81,-83.63,-0.77,839.66,8.40
123,Exit long,2025-09-29 15:42,TP1,4146.38,0.2633,1083.692773,7.4,0.68,8.41,0.78,-1.47,-0.14,844.13,8.44
123,Entry long,2025-09-29 15:36,IMP_L,4115.81,0.2633,1083.692773,7.4,0.68,8.41,0.78,-1.47,-0.14,844.13,8.44
124,Exit long,2025-09-29 15:45,TP2,4150.03,2.3703,9755.704443,75.23,0.77,99.23,1.02,-13.21,-0.14,922.29,9.22
124,Entry long,2025-09-29 15:36,IMP_L,4115.81,2.3703,9755.704443,75.23,0.77,99.23,1.02,-13.21,-0.14,922.29,9.22
125,Exit long,2025-10-02 18:03,TP1,4439.16,0.2475,1092.120975,5.91,0.54,9.67,0.89,-5.81,-0.53,925.26,9.25
125,Entry long,2025-10-02 17:21,IMP_L,4412.61,0.2475,1092.120975,5.91,0.54,9.67,0.89,-5.81,-0.53,925.26,9.25
126,Exit long,2025-10-02 20:21,TP2,4475.83,2.2277,9829.971297,134.89,1.37,149.87,1.52,-52.34,-0.53,1063.1,10.63
126,Entry long,2025-10-02 17:21,IMP_L,4412.61,2.2277,9829.971297,134.89,1.37,149.87,1.52,-52.34,-0.53,1063.1,10.63
127,Exit long,2025-10-03 17:54,TP1,4523.44,0.2461,1106.020159,6.53,0.59,7.89,0.71,-0.56,-0.05,1066.65,10.67
127,Entry long,2025-10-03 17:30,IMP_L,4494.19,0.2461,1106.020159,6.53,0.59,7.89,0.71,-0.56,-0.05,1066.65,10.67
128,Exit long,2025-10-03 18:00,TP2,4547.67,2.2155,9956.877945,112.48,1.13,140.98,1.42,-5,-0.05,1182.11,11.82
128,Entry long,2025-10-03 17:30,IMP_L,4494.19,2.2155,9956.877945,112.48,1.13,140.98,1.42,-5,-0.05,1182.11,11.82
129,Exit short,2025-10-04 17:12,TP1,4462.65,0.2495,1117.8598,3.76,0.34,4.2,0.38,-0.61,-0.05,1182.85,11.83
129,Entry short,2025-10-04 16:48,IMP_S,4480.4,0.2495,1117.8598,3.76,0.34,4.2,0.38,-0.61,-0.05,1182.85,11.83
130,Exit short,2025-10-04 17:30,TP2,4448,2.2462,10063.87448,66.76,0.66,90.42,0.90,-5.47,-0.05,1252.63,12.53
130,Entry short,2025-10-04 16:48,IMP_S,4480.4,2.2462,10063.87448,66.76,0.66,90.42,0.90,-5.47,-0.05,1252.63,12.53
131,Exit short,2025-10-06 03:24,SL,4528.72,2.5021,11252.4191,-85.67,-0.76,24.5,0.22,-84.39,-0.75,1166.96,11.67
131,Entry short,2025-10-06 02:51,IMP_S,4497.19,2.5021,11252.4191,-85.67,-0.76,24.5,0.22,-84.39,-0.75,1166.96,11.67
132,Exit short,2025-10-08 15:45,TP1,4453.54,0.25,1116.5425,2.49,0.22,7.17,0.64,-1.75,-0.16,1166.44,11.66
132,Entry short,2025-10-08 15:33,IMP_S,4466.17,0.25,1116.5425,2.49,0.22,7.17,0.64,-1.75,-0.16,1166.44,11.66
133,Exit short,2025-10-08 16:00,SL,4501.93,2.2503,10050.22235,-86.52,-0.86,64.52,0.64,-110.62,-1.10,1082.93,10.83
133,Entry short,2025-10-08 15:33,IMP_S,4466.17,2.2503,10050.22235,-86.52,-0.86,64.52,0.64,-110.62,-1.10,1082.93,10.83
134,Exit long,2025-10-10 05:51,SL,4357.01,2.5328,11082.84894,-54.05,-0.49,37.53,0.34,-59.73,-0.54,1028.88,10.29
134,Entry long,2025-10-10 05:27,IMP_L,4375.73,2.5328,11082.84894,-54.05,-0.49,37.53,0.34,-59.73,-0.54,1028.88,10.29
135,Exit short,2025-10-10 21:27,TP1,3951.2,0.2651,1102.643685,54.54,4.94,55.17,5.00,-0.33,-0.03,1080.44,10.80
135,Entry short,2025-10-10 17:27,DLY_S,4159.35,0.2651,1102.643685,54.54,4.94,55.17,5.00,-0.33,-0.03,1080.44,10.80
136,Exit short,2025-10-10 23:12,TP2,3723.05,2.3864,9925.87284,1035.54,10.43,1307.99,13.17,-2.98,-0.03,2118.96,21.19
136,Entry short,2025-10-10 17:27,DLY_S,4159.35,2.3864,9925.87284,1035.54,10.43,1307.99,13.17,-2.98,-0.03,2118.96,21.19
137,Exit long,2025-10-15 09:42,CH_IN,4112.62,2.9468,12118.6266,-6.83,-0.06,42.63,0.35,-35.14,-0.29,2112.13,21.12
137,Entry long,2025-10-15 08:39,IMP_L,4112.47,2.9468,12118.6266,-6.83,-0.06,42.63,0.35,-35.14,-0.29,2112.13,21.12
138,Exit long,2025-10-16 16:57,SL,4013.83,2.9962,12111.83888,-92.84,-0.77,43.11,0.36,-102.42,-0.85,2019.28,20.19
138,Entry long,2025-10-16 16:39,IMP_L,4042.4,2.9962,12111.83888,-92.84,-0.77,43.11,0.36,-102.42,-0.85,2019.28,20.19
139,Exit short,2025-10-21 15:36,SL,3889.9,3.1058,12019.0733,-69.41,-0.58,30.31,0.25,-90.23,-0.75,1949.88,19.50
139,Entry short,2025-10-21 15:06,IMP_S,3869.88,3.1058,12019.0733,-69.41,-0.58,30.31,0.25,-90.23,-0.75,1949.88,19.50
140,Exit long,2025-10-23 18:21,SL,3871.15,3.0867,11949.75778,-7.85,-0.07,41.2,0.34,-86.93,-0.73,1942.03,19.42
140,Entry long,2025-10-23 17:09,IMP_L,3871.37,3.0867,11949.75778,-7.85,-0.07,41.2,0.34,-86.93,-0.73,1942.03,19.42
141,Exit long,2025-10-25 13:39,CH_IN,3938.41,3.0294,11941.92509,-18.07,-0.15,10.05,0.08,-19.97,-0.17,1923.96,19.24
141,Entry long,2025-10-25 12:36,IMP_L,3942.01,3.0294,11941.92509,-18.07,-0.15,10.05,0.08,-19.97,-0.17,1923.96,19.24
142,Exit short,2025-10-29 14:48,TP1,3988.04,0.298,1192.0745,2.92,0.25,4.17,0.35,-1.66,-0.14,1923.67,19.24
142,Entry short,2025-10-29 14:36,IMP_S,4000.25,0.298,1192.0745,2.92,0.25,4.17,0.35,-1.66,-0.14,1923.67,19.24
143,Exit short,2025-10-29 15:03,TP2,3976.18,2.6828,10731.8707,58.16,0.54,76.89,0.72,-14.94,-0.14,1985.04,19.85
143,Entry short,2025-10-29 14:36,IMP_S,4000.25,2.6828,10731.8707,58.16,0.54,76.89,0.72,-14.94,-0.14,1985.04,19.85
144,Exit long,2025-10-31 14:30,SL,3841.21,3.1057,11984.6789,-62.21,-0.52,37.12,0.31,-63.22,-0.53,1922.83,19.23
144,Entry long,2025-10-31 14:18,IMP_L,3858.93,3.1057,11984.6789,-62.21,-0.52,37.12,0.31,-63.22,-0.53,1922.83,19.23
145,Exit long,2025-11-01 09:51,TP1,3877.5,0.3084,1192.271316,2.83,0.24,3.38,0.28,-0.51,-0.04,1922.45,19.22
145,Entry long,2025-11-01 09:27,IMP_L,3865.99,0.3084,1192.271316,2.83,0.24,3.38,0.28,-0.51,-0.04,1922.45,19.22
146,Exit long,2025-11-01 16:03,TP2,3890.05,2.7756,10730.44184,60.32,0.56,67.34,0.63,-31.89,-0.30,1985.99,19.86
146,Entry long,2025-11-01 09:27,IMP_L,3865.99,2.7756,10730.44184,60.32,0.56,67.34,0.63,-31.89,-0.30,1985.99,19.86
147,Exit short,2025-11-04 17:21,TP1,3462.05,0.3425,1198.534225,12.07,1.01,13.03,1.09,-7.07,-0.59,1994.82,19.95
147,Entry short,2025-11-04 16:51,IMP_S,3499.37,0.3425,1198.534225,12.07,1.01,13.03,1.09,-7.07,-0.59,1994.82,19.95
148,Exit short,2025-11-04 17:57,TP2,3428.29,3.0826,10787.15796,212.7,1.97,232.18,2.15,-63.59,-0.59,2210.76,22.11
148,Entry short,2025-11-04 16:51,IMP_S,3499.37,3.0826,10787.15796,212.7,1.97,232.18,2.15,-63.59,-0.59,2210.76,22.11
149,Exit short,2025-11-06 15:33,TP1,3326.15,0.3631,1221.043573,12.59,1.03,14.39,1.18,-3.7,-0.30,2220.05,22.20
149,Entry short,2025-11-06 15:06,IMP_S,3362.83,0.3631,1221.043573,12.59,1.03,14.39,1.18,-3.7,-0.30,2220.05,22.20
150,Exit short,2025-11-06 16:42,TP2,3298.77,3.2679,10989.39216,202.81,1.84,212.12,1.93,-33.26,-0.30,2426.16,24.26
150,Entry short,2025-11-06 15:06,IMP_S,3362.83,3.2679,10989.39216,202.81,1.84,212.12,1.93,-33.26,-0.30,2426.16,24.26
151,Exit long,2025-11-08 08:06,SL,3436.04,3.5986,12426.14573,-68.65,-0.55,1.24,0.01,-67.42,-0.54,2357.51,23.58
151,Entry long,2025-11-08 07:36,IMP_L,3453.05,3.5986,12426.14573,-68.65,-0.55,1.24,0.01,-67.42,-0.54,2357.51,23.58
152,Exit long,2025-11-15 18:18,TP1,3201.99,0.388,1235.51228,6.12,0.49,6.49,0.53,-2.11,-0.17,2360.29,23.60
152,Entry long,2025-11-15 17:45,IMP_L,3184.31,0.388,1235.51228,6.12,0.49,6.49,0.53,-2.11,-0.17,2360.29,23.60
153,Exit long,2025-11-15 18:24,TP2,3204.58,3.4927,11121.83954,64.1,0.58,116.88,1.05,-18.98,-0.17,2427.73,24.28
153,Entry long,2025-11-15 17:45,IMP_L,3184.31,3.4927,11121.83954,64.1,0.58,116.88,1.05,-18.98,-0.17,2427.73,24.28
154,Exit short,2025-11-19 21:21,SL,2897.72,4.2234,12427.43897,181.81,1.46,289.88,2.33,-104.79,-0.84,2609.54,26.10
154,Entry short,2025-11-19 17:33,DLY_S,2942.52,4.2234,12427.43897,181.81,1.46,289.88,2.33,-104.79,-0.84,2609.54,26.10
155,Exit short,2025-11-20 20:00,TP1,2790.51,0.4352,1260.809216,45.64,3.62,47.09,3.73,-9.13,-0.72,2651.77,26.52
155,Entry short,2025-11-20 17:15,DLY_S,2897.08,0.4352,1260.809216,45.64,3.62,47.09,3.73,-9.13,-0.72,2651.77,26.52
156,Exit short,2025-11-20 22:18,SL,2869.74,3.9172,11348.44178,100.32,0.88,423.84,3.73,-82.22,-0.72,2755.49,27.55
156,Entry short,2025-11-20 17:15,DLY_S,2897.08,3.9172,11348.44178,100.32,0.88,423.84,3.73,-82.22,-0.72,2755.49,27.55
157,Exit long,2025-11-23 17:06,TP1,2838.92,0.4506,1275.279108,3.17,0.25,6.53,0.51,-1.37,-0.11,2755.22,27.55
157,Entry long,2025-11-23 16:36,IMP_L,2830.18,0.4506,1275.279108,3.17,0.25,6.53,0.51,-1.37,-0.11,2755.22,27.55
158,Exit long,2025-11-23 17:30,SL,2824.82,4.0563,11480.05913,-28.62,-0.25,58.82,0.51,-60.96,-0.53,2730.04,27.30
158,Entry long,2025-11-23 16:36,IMP_L,2830.18,4.0563,11480.05913,-28.62,-0.25,58.82,0.51,-60.96,-0.53,2730.04,27.30
159,Exit short,2025-11-25 16:45,CH_IN,2906.88,4.4218,12729.92002,-131.4,-1.03,101.86,0.80,-160.22,-1.26,2598.65,25.99
159,Entry short,2025-11-25 15:42,IMP_S,2878.9,4.4218,12729.92002,-131.4,-1.03,101.86,0.80,-160.22,-1.26,2598.65,25.99
160,Exit short,2025-11-26 17:00,SL,2936.72,4.3261,12598.5982,-113.54,-0.90,11.53,0.09,-112.23,-0.89,2485.11,24.85
160,Entry short,2025-11-26 16:45,IMP_S,2912.23,4.3261,12598.5982,-113.54,-0.90,11.53,0.09,-112.23,-0.89,2485.11,24.85
161,Exit short,2025-12-01 01:54,TP1,2834.69,0.4266,1248.342516,38.33,3.07,40.69,3.26,-1.18,-0.09,2520.07,25.20
161,Entry short,2025-12-01 01:09,DLY_S,2926.26,0.4266,1248.342516,38.33,3.07,40.69,3.26,-1.18,-0.09,2520.07,25.20
162,Exit short,2025-12-01 16:33,TP2,2746.6,3.8399,11236.54577,683.34,6.08,758.89,6.75,-10.63,-0.09,3206.78,32.07
162,Entry short,2025-12-01 01:09,DLY_S,2926.26,3.8399,11236.54577,683.34,6.08,758.89,6.75,-10.63,-0.09,3206.78,32.07
163,Exit long,2025-12-02 21:12,SL,3003.09,4.4437,13206.63196,130.23,0.99,275.77,2.09,-54.84,-0.42,3337.01,33.37
163,Entry long,2025-12-02 16:30,DLY_L,2971.99,4.4437,13206.63196,130.23,0.99,275.77,2.09,-54.84,-0.42,3337.01,33.37
164,Exit long,2025-12-04 17:39,CH_IN,3178.82,4.1669,13336.70515,-98.85,-0.74,108.63,0.81,-103.42,-0.78,3238.16,32.38
164,Entry long,2025-12-04 16:36,IMP_L,3200.63,4.1669,13336.70515,-98.85,-0.74,108.63,0.81,-103.42,-0.78,3238.16,32.38
165,Exit short,2025-12-07 16:30,SL,2960.99,4.4825,13237.94312,-42.65,-0.32,122.79,0.93,-100.79,-0.76,3195.51,31.96
165,Entry short,2025-12-07 15:24,DLY_S,2953.25,4.4825,13237.94312,-42.65,-0.32,122.79,0.93,-100.79,-0.76,3195.51,31.96
166,Exit long,2025-12-08 14:24,SL,3139.43,4.1816,13195.2897,-75.35,-0.57,0,0.00,-88.34,-0.67,3120.16,31.20
166,Entry long,2025-12-08 14:09,IMP_L,3155.56,4.1816,13195.2897,-75.35,-0.57,0,0.00,-88.34,-0.67,3120.16,31.20
167,Exit long,2025-12-09 16:42,TP1,3212.9,0.4149,1311.822522,20.42,1.56,22.48,1.71,-18.55,-1.41,3137.04,31.37
167,Entry long,2025-12-09 16:00,IMP_L,3161.78,0.4149,1311.822522,20.42,1.56,22.48,1.71,-18.55,-1.41,3137.04,31.37
168,Exit long,2025-12-09 17:00,TP2,3274.45,3.7347,11808.29977,413.58,3.50,447.57,3.79,-167.01,-1.41,3554.16,35.54
168,Entry long,2025-12-09 16:00,IMP_L,3161.78,3.7347,11808.29977,413.58,3.50,447.57,3.79,-167.01,-1.41,3554.16,35.54
169,Exit long,2025-12-10 14:24,TP1,3333.2,0.4076,1355.217012,2.58,0.19,4.85,0.36,-3.33,-0.25,3553.08,35.53
169,Entry long,2025-12-10 14:00,IMP_L,3324.87,0.4076,1355.217012,2.58,0.19,4.85,0.36,-3.33,-0.25,3553.08,35.53
170,Exit long,2025-12-10 15:36,SL,3312.92,3.6689,12198.61554,-51.15,-0.42,44.18,0.36,-58.22,-0.48,3505.59,35.06
170,Entry long,2025-12-10 14:00,IMP_L,3324.87,3.6689,12198.61554,-51.15,-0.42,44.18,0.36,-58.22,-0.48,3505.59,35.06
171,Exit short,2025-12-14 14:06,TP1,3085.76,0.8734,2700.937096,4.22,0.16,13.84,0.51,-0.82,-0.03,3502.51,35.03
171,Entry short,2025-12-14 14:00,RAW_S,3092.44,0.8734,2700.937096,4.22,0.16,13.84,0.51,-0.82,-0.03,3502.51,35.03
172,Exit short,2025-12-14 15:00,SL,3099.21,7.8611,24309.98008,-67.82,-0.28,124.54,0.51,-123.79,-0.51,3441.98,34.42
172,Entry short,2025-12-14 14:00,RAW_S,3092.44,7.8611,24309.98008,-67.82,-0.28,124.54,0.51,-123.79,-0.51,3441.98,34.42
173,Exit short,2025-12-15 22:21,SL,2938.07,4.4852,13441.83044,256.01,1.90,473.28,3.52,-143.39,-1.07,3697.99,36.98
173,Entry short,2025-12-15 16:39,DLY_S,2996.93,4.4852,13441.83044,256.01,1.90,473.28,3.52,-143.39,-1.07,3697.99,36.98
174,Exit short,2025-12-17 15:45,TP1,2893.51,0.4683,1369.7775,13.93,1.02,19.5,1.42,-2.99,-0.22,3708.23,37.08
174,Entry short,2025-12-17 15:39,IMP_S,2925,0.4683,1369.7775,13.93,1.02,19.5,1.42,-2.99,-0.22,3708.23,37.08
175,Exit short,2025-12-17 15:48,TP2,2916.6,4.2147,12327.9975,28.02,0.23,175.47,1.42,-26.88,-0.22,3739.94,37.40
175,Entry short,2025-12-17 15:39,IMP_S,2925,4.2147,12327.9975,28.02,0.23,175.47,1.42,-26.88,-0.22,3739.94,37.40
176,Exit long,2025-12-19 18:18,SL,2984.75,4.6097,13739.90231,10.65,0.08,116.24,0.85,-108.53,-0.79,3750.59,37.51
176,Entry long,2025-12-19 17:06,IMP_L,2980.65,4.6097,13739.90231,10.65,0.08,116.24,0.85,-108.53,-0.79,3750.59,37.51
177,Exit short,2025-12-27 11:18,SL,2932.59,4.6931,13750.40755,-20.78,-0.15,0,0.00,-19.14,-0.14,3729.81,37.30
177,Entry short,2025-12-27 11:15,IMP_S,2929.92,4.6931,13750.40755,-20.78,-0.15,0,0.00,-19.14,-0.14,3729.81,37.30
178,Exit long,2025-12-29 03:06,TP1,3005.39,0.4626,1372.964418,16.5,1.20,22.84,1.66,-8.01,-0.58,3742.6,37.43
178,Entry long,2025-12-29 01:48,DLY_L,2967.93,0.4626,1372.964418,16.5,1.20,22.84,1.66,-8.01,-0.58,3742.6,37.43
179,Exit long,2025-12-29 04:33,TP2,3027.24,4.1634,12356.67976,239.44,1.94,261.42,2.11,-72.07,-0.58,3985.75,39.86
179,Entry long,2025-12-29 01:48,DLY_L,2967.93,4.1634,12356.67976,239.44,1.94,261.42,2.11,-72.07,-0.58,3985.75,39.86
180,Exit long,2025-12-30 17:51,CH_IN,2979.82,4.6803,13985.48525,-47.41,-0.34,35.45,0.25,-71.78,-0.51,3938.34,39.38
180,Entry long,2025-12-30 16:48,IMP_L,2988.16,4.6803,13985.48525,-47.41,-0.34,35.45,0.25,-71.78,-0.51,3938.34,39.38
181,Exit long,2026-01-01 16:06,SL,2980.91,4.67,13938.1287,-25.64,-0.18,0,0.00,-21.88,-0.16,3912.7,39.13
181,Entry long,2026-01-01 15:51,IMP_L,2984.61,4.67,13938.1287,-25.64,-0.18,0,0.00,-21.88,-0.16,3912.7,39.13
182,Exit long,2026-01-02 12:15,SL,3042.48,4.5496,13912.6313,-78.89,-0.57,45.78,0.33,-74.78,-0.54,3833.81,38.34
182,Entry long,2026-01-02 11:09,DLY_L,3057.99,4.5496,13912.6313,-78.89,-0.57,45.78,0.33,-74.78,-0.54,3833.81,38.34
183,Exit long,2026-01-02 15:48,TP1,3096.07,0.9047,2766.681164,32.66,1.18,48.05,1.74,-9.06,-0.33,3859,38.59
183,Entry long,2026-01-02 15:42,RAW_L,3058.12,0.9047,2766.681164,32.66,1.18,48.05,1.74,-9.06,-0.33,3859,38.59
184,Exit long,2026-01-02 15:51,TP2,3086.43,8.1425,24900.7421,215.5,0.87,432.47,1.74,-81.57,-0.33,4081.98,40.82
184,Entry long,2026-01-02 15:42,RAW_L,3058.12,8.1425,24900.7421,215.5,0.87,432.47,1.74,-81.57,-0.33,4081.98,40.82
185,Exit long,2026-01-05 02:06,TP1,3187.45,0.4448,1408.041088,8.89,0.63,13.6,0.97,-1.83,-0.13,4087.06,40.87
185,Entry long,2026-01-05 01:54,DLY_L,3165.56,0.4448,1408.041088,8.89,0.63,13.6,0.97,-1.83,-0.13,4087.06,40.87
186,Exit long,2026-01-05 02:39,TP2,3206.27,4.0036,12673.63602,155.33,1.23,218.16,1.72,-16.45,-0.13,4246.2,42.46
186,Entry long,2026-01-05 01:54,DLY_L,3165.56,4.0036,12673.63602,155.33,1.23,218.16,1.72,-16.45,-0.13,4246.2,42.46
187,Exit long,2026-01-05 16:06,SL,3157.31,4.4903,14246.01559,-77.27,-0.54,0,0.00,-104.54,-0.73,4168.93,41.69
187,Entry long,2026-01-05 15:54,IMP_L,3172.62,4.4903,14246.01559,-77.27,-0.54,0,0.00,-104.54,-0.73,4168.93,41.69
188,Exit long,2026-01-05 16:42,TP1,3191.5,0.4455,1416.61872,4.34,0.31,10.78,0.76,-3.13,-0.22,4169.44,41.69
188,Entry long,2026-01-05 16:30,IMP_L,3179.84,0.4455,1416.61872,4.34,0.31,10.78,0.76,-3.13,-0.22,4169.44,41.69
189,Exit long,2026-01-05 18:57,TP2,3212.21,4.0103,12752.11235,122.12,0.96,200.78,1.57,-95.38,-0.75,4295.39,42.95
189,Entry long,2026-01-05 16:30,IMP_L,3179.84,4.0103,12752.11235,122.12,0.96,200.78,1.57,-95.38,-0.75,4295.39,42.95
190,Exit short,2026-01-09 02:36,TP1,3092.93,0.4606,1429.35695,3.9,0.27,11.45,0.80,-0.88,-0.06,4295.43,42.95
190,Entry short,2026-01-09 02:33,IMP_S,3103.25,0.4606,1429.35695,3.9,0.27,11.45,0.80,-0.88,-0.06,4295.43,42.95
191,Exit short,2026-01-09 03:06,SL,3121.66,4.1459,12865.76418,-84.07,-0.65,103.06,0.80,-94.24,-0.73,4215.22,42.15
191,Entry short,2026-01-09 02:33,IMP_S,3103.25,4.1459,12865.76418,-84.07,-0.65,103.06,0.80,-94.24,-0.73,4215.22,42.15
192,Exit long,2026-01-11 17:12,CH_IN,3115.39,4.5609,14215.00264,-14.55,-0.10,28.3,0.20,-43.4,-0.31,4200.67,42.01
192,Entry long,2026-01-11 16:09,DLY_L,3116.71,4.5609,14215.00264,-14.55,-0.10,28.3,0.20,-43.4,-0.31,4200.67,42.01
193,Exit long,2026-01-13 16:54,TP1,3175.5,0.4503,1420.003038,9.07,0.64,10.62,0.75,-1.15,-0.08,4205.91,42.06
193,Entry long,2026-01-13 16:33,IMP_L,3153.46,0.4503,1420.003038,9.07,0.64,10.62,0.75,-1.15,-0.08,4205.91,42.06
194,Exit long,2026-01-13 17:00,TP2,3186.56,4.0529,12780.65803,126.44,0.99,170.16,1.33,-10.36,-0.08,4336.19,43.36
194,Entry long,2026-01-13 16:33,IMP_L,3153.46,4.0529,12780.65803,126.44,0.99,170.16,1.33,-10.36,-0.08,4336.19,43.36
195,Exit long,2026-01-14 15:15,TP1,3316.11,0.4332,1433.606088,2.07,0.14,6.61,0.46,-1.12,-0.08,4334.39,43.34
195,Entry long,2026-01-14 15:06,IMP_L,3309.34,0.4332,1433.606088,2.07,0.14,6.61,0.46,-1.12,-0.08,4334.39,43.34
196,Exit long,2026-01-14 15:36,TP2,3324.14,3.8988,12902.45479,49.94,0.39,77.19,0.60,-16.89,-0.13,4388.2,43.88
196,Entry long,2026-01-14 15:06,IMP_L,3309.34,3.8988,12902.45479,49.94,0.39,77.19,0.60,-16.89,-0.13,4388.2,43.88
197,Exit short,2026-01-16 15:00,SL,3309.85,4.3592,14387.88834,-49.05,-0.34,27.46,0.19,-55.49,-0.39,4339.15,43.39
197,Entry short,2026-01-16 14:36,IMP_S,3300.58,4.3592,14387.88834,-49.05,-0.34,27.46,0.19,-55.49,-0.39,4339.15,43.39
198,Exit long,2026-01-18 15:15,TP1,3338.29,0.4313,1433.766277,5.18,0.36,9.24,0.64,-1.4,-0.10,4340.45,43.40
198,Entry long,2026-01-18 14:39,IMP_L,3324.29,0.4313,1433.766277,5.18,0.36,9.24,0.64,-1.4,-0.10,4340.45,43.40
199,Exit long,2026-01-18 15:18,TP2,3340,3.8821,12905.22621,53.23,0.41,83.13,0.64,-12.65,-0.10,4397.55,43.98
199,Entry long,2026-01-18 14:39,IMP_L,3324.29,3.8821,12905.22621,53.23,0.41,83.13,0.64,-12.65,-0.10,4397.55,43.98
200,Exit short,2026-01-19 15:09,TP1,3209.36,0.4482,1439.743896,0.45,0.03,5.07,0.35,-4.05,-0.28,4394.11,43.94
200,Entry short,2026-01-19 14:21,IMP_S,3212.28,0.4482,1439.743896,0.45,0.03,5.07,0.35,-4.05,-0.28,4394.11,43.94
201,Exit short,2026-01-19 17:54,SL,3222.5,4.0338,12957.69506,-49.01,-0.38,45.61,0.35,-60,-0.46,4348.98,43.49
201,Entry short,2026-01-19 14:21,IMP_S,3212.28,4.0338,12957.69506,-49.01,-0.38,45.61,0.35,-60,-0.46,4348.98,43.49
202,Exit short,2026-01-20 17:24,SL,3024.55,4.7664,14348.86589,-75.98,-0.53,5.66,0.04,-152.83,-1.06,4273,42.73
202,Entry short,2026-01-20 16:18,DLY_S,3010.42,4.7664,14348.86589,-75.98,-0.53,5.66,0.04,-152.83,-1.06,4273,42.73
203,Exit long,2026-01-23 07:24,SL,2957.73,4.8028,14272.7209,-75.88,-0.53,8.4,0.06,-81.51,-0.57,4197.12,41.97
203,Entry long,2026-01-23 07:03,IMP_L,2971.75,4.8028,14272.7209,-75.88,-0.53,8.4,0.06,-81.51,-0.57,4197.12,41.97
204,Exit long,2026-01-24 16:51,SL,2956.45,4.7919,14196.91421,-38.41,-0.27,16.06,0.11,-40.87,-0.29,4158.71,41.59
204,Entry long,2026-01-24 16:03,IMP_L,2962.69,4.7919,14196.91421,-38.41,-0.27,16.06,0.11,-40.87,-0.29,4158.71,41.59
205,Exit long,2026-01-26 16:09,TP1,2936.37,0.4851,1415.662479,7.92,0.56,14.47,1.02,-5.79,-0.41,4162.81,41.63
205,Entry long,2026-01-26 15:33,IMP_L,2918.29,0.4851,1415.662479,7.92,0.56,14.47,1.02,-5.79,-0.41,4162.81,41.63
206,Exit long,2026-01-26 16:39,SL,2892,4.3666,12743.00511,-122.41,-0.96,134.64,1.06,-149.45,-1.17,4044.22,40.44
206,Entry long,2026-01-26 15:33,IMP_L,2918.29,4.3666,12743.00511,-122.41,-0.96,134.64,1.06,-149.45,-1.17,4044.22,40.44
207,Exit long,2026-01-28 11:12,TP1,3029.88,0.4665,1404.34227,8.25,0.59,8.73,0.62,-2.21,-0.16,4048.68,40.49
207,Entry long,2026-01-28 10:36,IMP_L,3010.38,0.4665,1404.34227,8.25,0.59,8.73,0.62,-2.21,-0.16,4048.68,40.49
208,Exit long,2026-01-28 11:15,TP2,3022.62,4.1987,12639.68251,43.79,0.35,115.79,0.92,-19.87,-0.16,4096.27,40.96
208,Entry long,2026-01-28 10:36,IMP_L,3010.38,4.1987,12639.68251,43.79,0.35,115.79,0.92,-19.87,-0.16,4096.27,40.96
209,Exit short,2026-01-30 16:27,TP1,2709.14,0.5165,1409.43553,9.32,0.66,11.09,0.79,-1.98,-0.14,4101.78,41.02
209,Entry short,2026-01-30 16:18,IMP_S,2728.82,0.5165,1409.43553,9.32,0.66,11.09,0.79,-1.98,-0.14,4101.78,41.02
210,Exit short,2026-01-30 16:30,TP2,2700.36,4.6492,12686.82994,124.74,0.98,181.33,1.43,-17.8,-0.14,4230.33,42.30
210,Entry short,2026-01-30 16:18,IMP_S,2728.82,4.6492,12686.82994,124.74,0.98,181.33,1.43,-17.8,-0.14,4230.33,42.30
211,Exit short,2026-02-01 12:39,SL,2407.99,5.9293,14230.26071,-55.99,-0.39,145.98,1.03,-75.18,-0.53,4174.35,41.74
211,Entry short,2026-02-01 11:33,IMP_S,2399.99,5.9293,14230.26071,-55.99,-0.39,145.98,1.03,-75.18,-0.53,4174.35,41.74
212,Exit short,2026-02-03 17:30,TP1,2255.2,0.6227,1417.308789,12.15,0.86,22.15,1.56,-3.02,-0.21,4182.67,41.83
212,Entry short,2026-02-03 17:09,IMP_S,2276.07,0.6227,1417.308789,12.15,0.86,22.15,1.56,-3.02,-0.21,4182.67,41.83
213,Exit short,2026-02-03 18:06,TP2,2229.78,5.6048,12756.91714,251.87,1.97,293.62,2.30,-27.14,-0.21,4438.36,44.38
213,Entry short,2026-02-03 17:09,IMP_S,2276.07,5.6048,12756.91714,251.87,1.97,293.62,2.30,-27.14,-0.21,4438.36,44.38
214,Exit short,2026-02-04 19:27,SL,2122.43,6.7586,14438.26201,84.97,0.59,418.76,2.90,-126.32,-0.87,4523.34,45.23
214,Entry short,2026-02-04 17:27,DLY_S,2136.28,6.7586,14438.26201,84.97,0.59,418.76,2.90,-126.32,-0.87,4523.34,45.23
215,Exit short,2026-02-11 16:06,TP1,1915.92,0.7471,1452.295161,20.05,1.38,20.79,1.43,-11.13,-0.77,4539.46,45.39
215,Entry short,2026-02-11 15:48,IMP_S,1943.91,0.7471,1452.295161,20.05,1.38,20.79,1.43,-11.13,-0.77,4539.46,45.39
216,Exit short,2026-02-11 22:24,SL,1972.37,6.724,13070.85084,-199.26,-1.52,283.13,2.17,-222.99,-1.71,4344.12,43.44
216,Entry short,2026-02-11 15:48,IMP_S,1943.91,6.724,13070.85084,-199.26,-1.52,283.13,2.17,-222.99,-1.71,4344.12,43.44
217,Exit long,2026-02-13 21:12,SL,2051.43,7.0737,14344.04886,158.49,1.10,315.43,2.20,-20.57,-0.14,4502.61,45.03
217,Entry long,2026-02-13 16:48,DLY_L,2027.8,7.0737,14344.04886,158.49,1.10,315.43,2.20,-20.57,-0.14,4502.61,45.03
218,Exit short,2026-02-16 13:12,CH_IN,1975.44,7.3745,14502.54421,-74.06,-0.51,73.3,0.51,-92.25,-0.64,4428.55,44.29
218,Entry short,2026-02-16 12:09,IMP_S,1966.58,7.3745,14502.54421,-74.06,-0.51,73.3,0.51,-92.25,-0.64,4428.55,44.29
219,Exit short,2026-02-17 15:42,TP1,1960.76,0.7309,1442.701583,8.72,0.60,14.94,1.04,-5.13,-0.36,4433.38,44.33
219,Entry short,2026-02-17 15:36,IMP_S,1973.87,0.7309,1442.701583,8.72,0.60,14.94,1.04,-5.13,-0.36,4433.38,44.33
220,Exit short,2026-02-17 15:45,TP2,1950.83,6.5788,12985.69596,143.83,1.11,170.25,1.31,-46.2,-0.36,4581.1,45.81
220,Entry short,2026-02-17 15:36,IMP_S,1973.87,6.5788,12985.69596,143.83,1.11,170.25,1.31,-46.2,-0.36,4581.1,45.81
221,Exit long,2026-02-20 06:33,TP1,1960.75,0.7469,1457.956269,5.65,0.39,9.15,0.63,-0.44,-0.03,4582.82,45.83
221,Entry long,2026-02-20 06:30,IMP_L,1952.01,0.7469,1457.956269,5.65,0.39,9.15,0.63,-0.44,-0.03,4582.82,45.83
222,Exit long,2026-02-20 10:09,TP2,1966.89,6.7228,13122.97283,92.13,0.70,124.87,0.95,-28.81,-0.22,4678.89,46.79
222,Entry long,2026-02-20 06:30,IMP_L,1952.01,6.7228,13122.97283,92.13,0.70,124.87,0.95,-28.81,-0.22,4678.89,46.79
223,Exit long,2026-02-21 14:45,TP1,1979.34,0.7433,1467.742479,2.62,0.18,3.09,0.21,-2.83,-0.19,4677.54,46.78
223,Entry long,2026-02-21 13:51,IMP_L,1974.63,0.7433,1467.742479,2.62,0.18,3.09,0.21,-2.83,-0.19,4677.54,46.78
224,Exit long,2026-02-21 15:03,TP2,1981.53,6.6904,13211.06455,38.22,0.29,61.2,0.46,-25.51,-0.19,4719.73,47.20
224,Entry long,2026-02-21 13:51,IMP_L,1974.63,6.6904,13211.06455,38.22,0.29,61.2,0.46,-25.51,-0.19,4719.73,47.20
225,Exit short,2026-02-23 01:42,TP1,1940.17,0.7563,1471.964001,3.73,0.25,4.88,0.33,-1.58,-0.11,4719.49,47.19
225,Entry short,2026-02-23 01:24,IMP_S,1946.27,0.7563,1471.964001,3.73,0.25,4.88,0.33,-1.58,-0.11,4719.49,47.19
226,Exit short,2026-02-23 01:57,TP2,1928.14,6.8067,13247.67601,115.49,0.87,127.19,0.96,-14.18,-0.11,4838.95,48.39
226,Entry short,2026-02-23 01:24,IMP_S,1946.27,6.8067,13247.67601,115.49,0.87,127.19,0.96,-14.18,-0.11,4838.95,48.39
227,Exit short,2026-02-23 06:18,SL,1865.08,7.8839,14838.9189,125.95,0.85,292.93,1.97,-65.63,-0.44,4964.91,49.65
227,Entry short,2026-02-23 02:06,DLY_S,1882.18,7.8839,14838.9189,125.95,0.85,292.93,1.97,-65.63,-0.44,4964.91,49.65
228,Exit long,2026-02-26 15:30,SL,2063,7.2329,14964.79777,-52.29,-0.35,8.31,0.06,-125.28,-0.84,4912.61,49.13
228,Entry long,2026-02-26 15:21,IMP_L,2068.99,7.2329,14964.79777,-52.29,-0.35,8.31,0.06,-125.28,-0.84,4912.61,49.13
229,Exit short,2026-03-07 15:39,SL,1983.96,7.5472,14912.51248,-69.8,-0.47,46.09,0.31,-90.36,-0.61,4842.82,48.43
229,Entry short,2026-03-07 15:00,IMP_S,1975.9,7.5472,14912.51248,-69.8,-0.47,46.09,0.31,-90.36,-0.61,4842.82,48.43
230,Exit long,2026-03-10 15:51,TP1,2065.43,0.7233,1484.218833,8.81,0.59,10.4,0.70,-0.45,-0.03,4847.62,48.48
230,Entry long,2026-03-10 15:48,IMP_L,2052.01,0.7233,1484.218833,8.81,0.59,10.4,0.70,-0.45,-0.03,4847.62,48.48
231,Exit long,2026-03-10 15:54,TP2,2075.65,6.51,13358.5851,145.84,1.09,171.7,1.28,-4.07,-0.03,4997.47,49.97
231,Entry long,2026-03-10 15:48,IMP_L,2052.01,6.51,13358.5851,145.84,1.09,171.7,1.28,-4.07,-0.03,4997.47,49.97
232,Exit long,2026-03-15 03:48,TP1,2102.89,0.7156,1499.5398,4.39,0.29,7.78,0.52,-5.34,-0.36,4997.8,49.98
232,Entry long,2026-03-15 03:00,IMP_L,2095.5,0.7156,1499.5398,4.39,0.29,7.78,0.52,-5.34,-0.36,4997.8,49.98
233,Exit long,2026-03-15 10:00,TP2,2117.98,6.4413,13497.74415,136.66,1.01,146.81,1.09,-48.04,-0.36,5138.51,51.39
233,Entry long,2026-03-15 03:00,IMP_L,2095.5,6.4413,13497.74415,136.66,1.01,146.81,1.09,-48.04,-0.36,5138.51,51.39
234,Exit short,2026-03-22 02:03,SL,2087.46,7.2663,15138.39143,-38.81,-0.26,270.12,1.78,-81.78,-0.54,5099.7,51.00
234,Entry short,2026-03-22 00:57,DLY_S,2083.37,7.2663,15138.39143,-38.81,-0.26,270.12,1.78,-81.78,-0.54,5099.7,51.00
235,Exit long,2026-03-25 14:57,CH_IN,2183.3,6.9053,15099.61235,-32.32,-0.21,68.87,0.46,-63.02,-0.42,5067.38,50.67
235,Entry long,2026-03-25 13:54,IMP_L,2186.67,6.9053,15099.61235,-32.32,-0.21,68.87,0.46,-63.02,-0.42,5067.38,50.67
236,Exit short,2026-03-26 16:12,TP1,2058.31,0.7268,1506.561916,9.68,0.64,10.73,0.71,-8.45,-0.56,5072.99,50.73
236,Entry short,2026-03-26 15:18,IMP_S,2072.87,0.7268,1506.561916,9.68,0.64,10.73,0.71,-8.45,-0.56,5072.99,50.73
237,Exit short,2026-03-26 18:57,TP2,2048.22,6.542,13560.71554,153.17,1.13,195.07,1.44,-76.03,-0.56,5230.23,52.30
237,Entry short,2026-03-26 15:18,IMP_S,2072.87,6.542,13560.71554,153.17,1.13,195.07,1.44,-76.03,-0.56,5230.23,52.30
238,Exit short,2026-03-27 09:33,TP1,2047.1,0.7402,1522.857872,6.68,0.44,10.67,0.70,-2.19,-0.14,5232.8,52.33
238,Entry short,2026-03-27 09:18,IMP_S,2057.36,0.7402,1522.857872,6.68,0.44,10.67,0.70,-2.19,-0.14,5232.8,52.33
239,Exit short,2026-03-27 09:36,TP2,2036.21,6.6626,13707.36674,132.73,0.97,144.86,1.06,-19.7,-0.14,5369.65,53.70
239,Entry short,2026-03-27 09:18,IMP_S,2057.36,6.6626,13707.36674,132.73,0.97,144.86,1.06,-19.7,-0.14,5369.65,53.70
240,Exit short,2026-03-29 16:09,CH_IN,1993.62,7.7283,15369.50206,-47.02,-0.31,45.78,0.30,-49.98,-0.33,5322.62,53.23
240,Entry short,2026-03-29 15:06,IMP_S,1988.73,7.7283,15369.50206,-47.02,-0.31,45.78,0.30,-49.98,-0.33,5322.62,53.23
241,Exit short,2026-03-30 01:57,CH_IN,1983.44,7.7749,15322.46192,-107.81,-0.70,3.1,0.02,-183.73,-1.20,5214.81,52.15
241,Entry short,2026-03-30 00:54,DLY_S,1970.76,7.7749,15322.46192,-107.81,-0.70,3.1,0.02,-183.73,-1.20,5214.81,52.15
242,Exit short,2026-04-04 16:45,SL,2050.51,7.4369,15214.63313,-43.94,-0.29,0,0.00,-51.27,-0.34,5170.87,51.71
242,Entry short,2026-04-04 16:39,IMP_S,2045.83,7.4369,15214.63313,-43.94,-0.29,0,0.00,-51.27,-0.34,5170.87,51.71
243,Exit long,2026-04-04 22:18,CH_IN,2061.56,7.3236,15170.76416,-81.8,-0.54,5.85,0.04,-98.73,-0.65,5089.06,50.89
243,Entry long,2026-04-04 21:15,DLY_L,2071.49,7.3236,15170.76416,-81.8,-0.54,5.85,0.04,-98.73,-0.65,5089.06,50.89
244,Exit long,2026-04-06 00:57,TP1,2084.99,0.7291,1508.784958,10.47,0.69,13.06,0.87,-0.9,-0.06,5095.46,50.95
244,Entry long,2026-04-06 00:42,IMP_L,2069.38,0.7291,1508.784958,10.47,0.69,13.06,0.87,-0.9,-0.06,5095.46,50.95
245,Exit long,2026-04-06 01:15,TP2,2112.25,6.5624,13580.09931,273.1,2.01,314.99,2.32,-8.08,-0.06,5372.63,53.73
245,Entry long,2026-04-06 00:42,IMP_L,2069.38,6.5624,13580.09931,273.1,2.01,314.99,2.32,-8.08,-0.06,5372.63,53.73
246,Exit long,2026-04-08 07:33,SL,2240.53,6.9372,15372.41897,161.31,1.05,391.22,2.54,-16.47,-0.11,5533.95,55.34
246,Entry long,2026-04-08 01:03,DLY_L,2215.94,6.9372,15372.41897,161.31,1.05,391.22,2.54,-16.47,-0.11,5533.95,55.34
247,Exit short,2026-04-09 14:21,TP1,2175.21,0.7122,1553.350932,3.24,0.21,5.69,0.37,-2.58,-0.17,5532.99,55.33
247,Entry short,2026-04-09 13:15,IMP_S,2181.06,0.7122,1553.350932,3.24,0.21,5.69,0.37,-2.58,-0.17,5532.99,55.33
248,Exit short,2026-04-09 14:27,SL,2183.82,6.41,13980.5946,-26.09,-0.19,51.19,0.37,-34.06,-0.24,5511.1,55.11
248,Entry short,2026-04-09 13:15,IMP_S,2181.06,6.41,13980.5946,-26.09,-0.19,51.19,0.37,-34.06,-0.24,5511.1,55.11
249,Exit long,2026-04-11 22:30,SL,2292.16,6.7419,15510.95449,-66.73,-0.43,192.95,1.24,-69.91,-0.45,5444.37,54.44
249,Entry long,2026-04-11 20:36,DLY_L,2300.68,6.7419,15510.95449,-66.73,-0.43,192.95,1.24,-69.91,-0.45,5444.37,54.44
250,Exit short,2026-04-13 15:42,SL,2187.04,7.0749,15444.29445,-38.07,-0.25,8.24,0.05,-72.06,-0.47,5406.3,54.06
250,Entry short,2026-04-13 15:36,IMP_S,2182.97,7.0749,15444.29445,-38.07,-0.25,8.24,0.05,-72.06,-0.47,5406.3,54.06
251,Exit long,2026-04-13 18:00,CH_IN,2205.86,6.8997,15406.27113,-195.69,-1.27,12.77,0.08,-245.01,-1.59,5210.61,52.11
251,Entry long,2026-04-13 16:57,DLY_L,2232.89,6.8997,15406.27113,-195.69,-1.27,12.77,0.08,-245.01,-1.59,5210.61,52.11
252,Exit long,2026-04-14 06:30,SL,2365.43,6.5506,15210.4932,275.28,1.81,479.2,3.15,-27.16,-0.18,5485.89,54.86
252,Entry long,2026-04-14 00:24,DLY_L,2322,6.5506,15210.4932,275.28,1.81,479.2,3.15,-27.16,-0.18,5485.89,54.86
253,Exit short,2026-04-16 15:51,TP1,2310.3,0.664,1548.4812,13.52,0.87,14.92,0.96,-1.46,-0.09,5495.23,54.95
253,Entry short,2026-04-16 15:45,IMP_S,2332.05,0.664,1548.4812,13.52,0.87,14.92,0.96,-1.46,-0.09,5495.23,54.95
254,Exit short,2026-04-16 15:54,TP2,2305.05,5.9764,13937.26362,153.05,1.10,259.08,1.86,-13.15,-0.09,5652.46,56.52
254,Entry short,2026-04-16 15:45,IMP_S,2332.05,5.9764,13937.26362,153.05,1.10,259.08,1.86,-13.15,-0.09,5652.46,56.52
255,Exit long,2026-04-20 16:39,SL,2295.74,6.7572,15652.31051,-148.89,-0.95,1.25,0.01,-154.64,-0.99,5503.57,55.04
255,Entry long,2026-04-20 16:24,IMP_L,2316.39,6.7572,15652.31051,-148.89,-0.95,1.25,0.01,-154.64,-0.99,5503.57,55.04
256,Exit short,2026-04-27 17:03,TP1,2299.79,0.6715,1550.34577,5.11,0.33,11.18,0.72,-1.65,-0.11,5504.49,55.04
256,Entry short,2026-04-27 17:00,IMP_S,2308.78,0.6715,1550.34577,5.11,0.33,11.18,0.72,-1.65,-0.11,5504.49,55.04
257,Exit short,2026-04-27 17:18,TP2,2283.67,6.0435,13953.11193,143.43,1.03,181.83,1.30,-14.88,-0.11,5652.1,56.52
257,Entry short,2026-04-27 17:00,IMP_S,2308.78,6.0435,13953.11193,143.43,1.03,181.83,1.30,-14.88,-0.11,5652.1,56.52
258,Exit long,2026-04-29 04:30,SL,2284.83,6.8241,15652.02872,-69.49,-0.44,2.2,0.01,-76.42,-0.49,5582.61,55.83
258,Entry long,2026-04-29 03:48,IMP_L,2293.64,6.8241,15652.02872,-69.49,-0.44,2.2,0.01,-76.42,-0.49,5582.61,55.83
259,Exit short,2026-04-29 22:03,SL,2235.66,6.961,15582.47694,10.7,0.07,132.53,0.85,-38.23,-0.25,5593.32,55.93
259,Entry short,2026-04-29 20:18,DLY_S,2238.54,6.961,15582.47694,10.7,0.07,132.53,0.85,-38.23,-0.25,5593.32,55.93
260,Exit long,2026-05-04 00:09,TP1,2339.96,0.6683,1559.1439,3.71,0.24,4.65,0.30,-0.58,-0.04,5592.82,55.93
260,Entry long,2026-05-04 00:06,DLY_L,2333,0.6683,1559.1439,3.71,0.24,4.65,0.30,-0.58,-0.04,5592.82,55.93
261,Exit long,2026-05-04 00:12,TP2,2346.99,6.0155,14034.1615,75.71,0.54,113.81,0.81,-5.23,-0.04,5672.74,56.73
261,Entry long,2026-05-04 00:06,DLY_L,2333,6.0155,14034.1615,75.71,0.54,113.81,0.81,-5.23,-0.04,5672.74,56.73
262,Exit short,2026-05-08 15:06,TP1,2280,0.6861,1567.18962,1.94,0.12,3.78,0.24,-3.32,-0.21,5670.45,56.70
262,Entry short,2026-05-08 14:48,IMP_S,2284.2,0.6861,1567.18962,1.94,0.12,3.78,0.24,-3.32,-0.21,5670.45,56.70
263,Exit short,2026-05-08 15:27,TP2,2273.11,6.1752,14105.39184,60.04,0.43,71.04,0.50,-29.86,-0.21,5734.72,57.35
263,Entry short,2026-05-08 14:48,IMP_S,2284.2,6.1752,14105.39184,60.04,0.43,71.04,0.50,-29.86,-0.21,5734.72,57.35
264,Exit long,2026-05-09 18:03,TP1,2318.03,0.6801,1573.438554,2.11,0.13,3.08,0.20,-1.38,-0.09,5732.58,57.33
264,Entry long,2026-05-09 17:36,IMP_L,2313.54,0.6801,1573.438554,2.11,0.13,3.08,0.20,-1.38,-0.09,5732.58,57.33
265,Exit long,2026-05-09 18:15,TP2,2322.78,6.121,14161.17834,48.04,0.34,52.37,0.37,-12.45,-0.09,5784.88,57.85
265,Entry long,2026-05-09 17:36,IMP_L,2313.54,6.121,14161.17834,48.04,0.34,52.37,0.37,-12.45,-0.09,5784.88,57.85
266,Exit short,2026-05-14 16:18,SL,2262.8,7.0201,15784.69485,-109.89,-0.70,19.76,0.13,-120.57,-0.76,5674.99,56.75
266,Entry short,2026-05-14 15:33,IMP_S,2248.5,7.0201,15784.69485,-109.89,-0.70,19.76,0.13,-120.57,-0.76,5674.99,56.75